Company,Fiscal Year,Total Revenue ($M),Net Income ($M),Total Assets ($M),Total Liabilities ($M),Operating Cash Flow ($M),Revenue Growth (%),Net Income Growth (%),Net Profit Margin (%),Debt-to-Asset Ratio
Microsoft,2023,211915,72361,411976,205753,87582,,,34.15,0.5
Microsoft,2024,245122,88136,512163,243686,118548,15.67,21.8,35.96,0.48
Microsoft,2025,281724,101832,582340,275210,136200,14.93,15.54,36.15,0.47
Apple,2023,383285,96995,352583,290437,110543,,,25.31,0.82
Apple,2024,391035,93736,364980,280130,108812,2.02,-3.36,23.97,0.77
Apple,2025,416200,102500,380100,288500,118400,6.44,9.35,24.63,0.76
Tesla,2023,96773,14997,106618,43009,13256,,,15.5,0.4
Tesla,2024,97665,7128,119820,46920,14980,0.92,-52.47,7.3,0.39
Tesla,2025,112400,9850,135200,51100,18200,15.09,38.19,8.76,0.38
